{
  "word_count": 968,
  "speaking_speed_wpm": 129.5,
  "audio_duration_seconds": 448.38,
  "frequently_mentioned_topics": [
    {
      "topic": "Chest Pain",
      "mentions": 14
    },
    {
      "topic": "Heart Attack",
      "mentions": 5
    },
    {
      "topic": "Medical History",
      "mentions": 8
    },
    {
      "topic": "Symptoms",
      "mentions": 7
    },
    {
      "topic": "Medication",
      "mentions": 3
    },
    {
      "topic": "Pain Description",
      "mentions": 6
    },
    {
      "topic": "Lifestyle",
      "mentions": 4
    },
    {
      "topic": "Family History",
      "mentions": 2
    },
    {
      "topic": "Tests",
      "mentions": 2
    },
    {
      "topic": "Flu",
      "mentions": 2
    }
  ],
  "metadata": {
    "original_filename": "CAR0004.mp3",
    "processed_date": "2025-06-23T05:31:05.145Z",
    "processing_id": "2025-06-23_083105",
    "output_folder": "CAR0004"
  }
}